Data,Horário,Em casa,Resultado,Visitante,Público,Local
2024-04-13,18:30,Criciúma,1–1,Juventude,12.804,Estádio Heriberto Hülse
2024-04-13,18:30,Internacional,2–1,Bahia,19.103,Estádio José Pinheiro Borba
2024-04-14,16:00,Ath Paranaense,4–0,Cuiabá,21.388,Ligga Arena
2024-04-14,16:00,Vasco da Gama,2–1,Grêmio,17.722,Estádio Club de Regatas Vasco da Gama
2024-04-14,16:00,Corinthians,0–0,Atlético Mineiro,44.285,Neo Química Arena
2024-04-14,16:00,Atl Goianiense,1–2,Flamengo,31.617,Estádio do Governo do Estado de Goiás
2024-04-14,17:00,Cruzeiro,3–2,Botafogo (RJ),20.701,Estádio Governador Magalhães Pinto
2024-04-14,18:30,Vitória,0–1,Palmeiras,30.644,Estádio Manoel Barradas
2024-04-13,21:00,Fluminense,2–2,Red Bull Bragantino,17.645,Estadio Jornalista Mário Filho
2024-04-13,21:00,São Paulo,1–2,Fortaleza,35.055,Estádio do Morumbi
2024-04-17,19:00,Grêmio,2–0,Ath Paranaense,13.236,Arena do Grêmio
2024-04-17,19:00,Red Bull Bragantino,2–1,Vasco da Gama,5.448,Estádio Nabi Abi Chedid
2024-04-17,20:00,Juventude,2–0,Corinthians,7.478,Estádio Alfredo Jaconi
2024-04-17,20:00,Atlético Mineiro,1–1,Criciúma,21.726,Arena MRV
2024-04-17,20:00,Palmeiras,0–1,Internacional,13.464,Allianz Parque
2024-04-17,20:00,Fortaleza,1–1,Cruzeiro,21.726,Estádio Castelão
2024-04-16,21:30,Bahia,2–1,Fluminense,23.080,Itaipava Arena Fonte Nova
2024-04-17,21:30,Flamengo,2–1,São Paulo,45.166,Estadio Jornalista Mário Filho
2024-04-18,21:30,Botafogo (RJ),1–0,Atl Goianiense,7.801,Estádio Nilton Santos
2024-04-20,16:00,Fluminense,2–1,Vasco da Gama,25.842,Estadio Jornalista Mário Filho
2024-04-20,18:30,Red Bull Bragantino,1–0,Corinthians,9.466,Estádio Nabi Abi Chedid
2024-04-20,18:30,Grêmio,1–0,Cuiabá,22.904,Arena do Grêmio
2024-04-21,16:00,Vitória,2–2,Bahia,27.609,Estádio Manoel Barradas
2024-04-21,16:00,Palmeiras,0–0,Flamengo,29.956,Allianz Parque
2024-04-21,16:00,Ath Paranaense,1–0,Internacional,29.784,Ligga Arena
2024-04-21,18:30,Atl Goianiense,0–3,São Paulo,8.024,Estádio Antônio Accioly
2024-04-21,18:30,Botafogo (RJ),5–1,Juventude,13.273,Estádio Municipal Nílton Santos
2024-04-20,21:00,Atlético Mineiro,3–0,Cruzeiro,39.541,Arena MRV
2024-04-27,16:00,Vasco da Gama,0–4,Criciúma,17.124,Estádio Club de Regatas Vasco da Gama
2024-04-27,17:30 (18:30),Cuiabá,0–3,Atlético Mineiro,6.711,Arena Pantanal
2024-04-28,11:00,Flamengo,0–2,Botafogo (RJ),53.683,Estadio Jornalista Mário Filho
2024-04-28,16:00,Cruzeiro,3–1,Vitória,20.083,Estádio Governador Magalhães Pinto
2024-04-28,16:00,Corinthians,3–0,Fluminense,42.119,Neo Química Arena
2024-04-28,18:30,Fortaleza,1–1,Red Bull Bragantino,18.113,Estádio Castelão
2024-04-28,18:30,Juventude,1–1,Ath Paranaense,5.032,Estádio Alfredo Jaconi
2024-04-28,20:00,Internacional,1–1,Atl Goianiense,28.468,Estádio José Pinheiro Borba
2024-04-27,21:00,Bahia,1–0,Grêmio,35.836,Itaipava Arena Fonte Nova
2024-04-29,20:00,São Paulo,0–0,Palmeiras,55.694,Estádio do Morumbi
2024-05-04,16:00,Fluminense,2–2,Atlético Mineiro,5.168,Estádio Kleber José de Andrade
2024-05-04,18:30,Red Bull Bragantino,1–1,Flamengo,9.917,Estádio Nabi Abi Chedid
2024-05-05,16:00,Vitória,1–3,São Paulo,25.739,Estádio Manoel Barradas
2024-05-05,16:00,Ath Paranaense,1–0,Vasco da Gama,31.192,Ligga Arena
2024-05-05,17:30 (18:30),Cuiabá,0–2,Palmeiras,10.781,Arena Pantanal
2024-05-05,18:30,Botafogo (RJ),1–2,Bahia,22.685,Estádio Nilton Santos
2024-05-04,21:00,Corinthians,0–0,Fortaleza,42.456,Neo Química Arena
2024-05-11,16:00,Flamengo,2–0,Corinthians,56.829,Estadio Jornalista Mário Filho
2024-05-12,16:00,Palmeiras,0–2,Ath Paranaense,12.108,Arena Barueri
2024-05-12,16:00,Atl Goianiense,0–1,Cruzeiro,7.576,Estádio Antônio Accioly
2024-05-12,16:00,Fortaleza,1–1,Botafogo (RJ),15.914,Estádio Castelão
2024-05-12,18:30,Bahia,1–0,Red Bull Bragantino,36.820,Itaipava Arena Fonte Nova
2024-05-12,18:30,Vasco da Gama,2–1,Vitória,11.084,Estádio Club de Regatas Vasco da Gama
2024-05-13,20:00,São Paulo,2–1,Fluminense,39.515,Estádio do Morumbi
2024-06-01,16:00,Vitória,0–2,Atl Goianiense,16.008,Estádio Manoel Barradas
2024-06-01,16:00,Grêmio,0–2,Red Bull Bragantino,7.563,Estádio Major Antônio Couto Pereira
2024-06-01,17:30 (18:30),Cuiabá,0–1,Internacional,5.747,Arena Pantanal
2024-06-01,18:30,Fluminense,1–1,Juventude,21.037,Estadio Jornalista Mário Filho
2024-06-02,16:00,Criciúma,1–2,Palmeiras,19.027,Estádio Heriberto Hülse
2024-06-02,16:00,Atlético Mineiro,1–1,Bahia,37.994,Arena MRV
2024-06-02,16:00,Vasco da Gama,1–6,Flamengo,62.228,Estadio Jornalista Mário Filho
2024-06-02,18:30,São Paulo,2–0,Cruzeiro,44.928,Estádio do Morumbi
2024-06-02,18:30,Fortaleza,1–0,Ath Paranaense,12.191,Estádio Municipal Presidente Getúlio Var...
2024-06-01,21:00,Corinthians,0–1,Botafogo (RJ),41.281,Neo Química Arena
2024-06-05,19:00 (20:00),Cuiabá,0–0,Vitória,3.614,Arena Pantanal
2024-06-05,19:00,Juventude,1–0,Atl Goianiense,5.123,Estádio Alfredo Jaconi
2024-06-09,16:00,Criciúma,2–5,Cuiabá,13.846,Estádio Heriberto Hülse
2024-06-11,19:00,Juventude,1–1,Vitória,6.186,Estádio Alfredo Jaconi
2024-06-11,19:00,Atl Goianiense,2–2,Corinthians,1.208,Estádio Antônio Accioly
2024-06-11,20:00,Botafogo (RJ),1–0,Fluminense,27.239,Estádio Nilton Santos
2024-06-11,21:30,Red Bull Bragantino,1–2,Atlético Mineiro,4.617,Estádio Nabi Abi Chedid
2024-06-13,19:00,Cruzeiro,2–1,Cuiabá,26.595,Estádio Governador Magalhães Pinto
2024-06-13,20:00,Flamengo,2–1,Grêmio,51.785,Estadio Jornalista Mário Filho
2024-06-13,20:00,Internacional,0–0,São Paulo,17.987,Estádio Heriberto Hülse
2024-06-13,20:00,Ath Paranaense,3–1,Criciúma,23.424,Ligga Arena
2024-06-13,21:30,Bahia,1–0,Fortaleza,29.889,Itaipava Arena Fonte Nova
2024-06-13,21:30,Palmeiras,2–0,Vasco da Gama,37.641,Allianz Parque
2024-06-15,18:30,Red Bull Bragantino,2–1,Juventude,3.338,Estádio Nabi Abi Chedid
2024-06-16,16:00,Vitória,2–1,Internacional,14.251,Estádio Manoel Barradas
2024-06-16,16:00,Corinthians,2–2,São Paulo,46.129,Neo Química Arena
2024-06-16,16:00,Ath Paranaense,1–1,Flamengo,38.641,Ligga Arena
2024-06-16,17:30 (18:30),Cuiabá,5–0,Fortaleza,4.474,Arena Pantanal
2024-06-16,18:30,Criciúma,2–2,Bahia,8.661,Estádio Heriberto Hülse
2024-06-16,18:30,Grêmio,1–2,Botafogo (RJ),15.595,Estádio Kleber José de Andrade
2024-06-16,18:30,Vasco da Gama,0–0,Cruzeiro,11.275,Estádio Club de Regatas Vasco da Gama
2024-06-15,21:00,Fluminense,1–2,Atl Goianiense,14.485,Estadio Jornalista Mário Filho
2024-06-17,20:30,Atlético Mineiro,0–4,Palmeiras,28.251,Arena MRV
2024-06-19,19:00,Atl Goianiense,1–2,Criciúma,6.478,Estádio Antônio Accioly
2024-06-19,19:00,Botafogo (RJ),1–1,Ath Paranaense,19.589,Estádio Nilton Santos
2024-06-19,20:00,Fortaleza,1–0,Grêmio,16.935,Estádio Castelão
2024-06-19,20:00,São Paulo,0–1,Cuiabá,33.586,Estádio do Morumbi
2024-06-19,20:00,Juventude,2–0,Vasco da Gama,4.838,Estádio Alfredo Jaconi
2024-06-20,18:30,Vitória,4–2,Atlético Mineiro,15.044,Estádio Manoel Barradas
2024-06-20,20:00,Flamengo,2–1,Bahia,49.909,Estadio Jornalista Mário Filho
2024-06-19,21:30,Internacional,1–0,Corinthians,14.447,Estádio Orlando Scarpelli
2024-06-19,21:30,Cruzeiro,2–0,Fluminense,28.812,Estádio Governador Magalhães Pinto
2024-06-20,21:30,Palmeiras,2–1,Red Bull Bragantino,29.119,Allianz Parque
2024-06-22,16:00,Criciúma,2–1,Botafogo (RJ),16.256,Estádio Heriberto Hülse
2024-06-22,17:30 (18:30),Cuiabá,0–0,Atl Goianiense,4.635,Arena Pantanal
2024-06-22,17:30,Grêmio,0–1,Internacional,27.961,Estádio Major Antônio Couto Pereira
2024-06-23,16:00,Fluminense,0–1,Flamengo,57.098,Estadio Jornalista Mário Filho
2024-06-23,16:00,Bahia,4–1,Cruzeiro,35.541,Itaipava Arena Fonte Nova
2024-06-23,16:00,Ath Paranaense,1–1,Corinthians,34.682,Ligga Arena
2024-06-23,18:30,Atlético Mineiro,1–1,Fortaleza,20.089,Arena MRV
2024-06-23,18:30,Palmeiras,3–1,Juventude,38.258,Allianz Parque
2024-06-23,18:30,Red Bull Bragantino,2–1,Vitória,4.426,Estádio Nabi Abi Chedid
2024-06-22,21:30,Vasco da Gama,4–1,São Paulo,4.897,Estádio Club de Regatas Vasco da Gama
2024-06-26,19:00,Botafogo (RJ),2–1,Red Bull Bragantino,13.333,Estádio Nilton Santos
2024-06-26,19:00,Cruzeiro,2–0,Ath Paranaense,26.465,Estádio Governador Magalhães Pinto
2024-06-26,20:00,Juventude,2–1,Flamengo,12.675,Estádio Alfredo Jaconi
2024-06-26,20:00,Atl Goianiense,1–1,Grêmio,7.319,Estádio Antônio Accioly
2024-06-26,20:00,Corinthians,1–1,Cuiabá,38.475,Neo Química Arena
2024-06-27,19:00,Fluminense,0–1,Vitória,24.269,Estadio Jornalista Mário Filho
2024-06-27,20:00,São Paulo,2–1,Criciúma,28.008,Estádio do Morumbi
2024-06-26,21:30,Bahia,2–1,Vasco da Gama,38.318,Itaipava Arena Fonte Nova
2024-06-26,21:30,Internacional,1–2,Atlético Mineiro,9.978,Estádio Heriberto Hülse
2024-06-26,21:30,Fortaleza,3–0,Palmeiras,28.613,Estádio Castelão
2024-06-29,17:30 (18:30),Cuiabá,1–1,Red Bull Bragantino,5.024,Arena Pantanal
2024-06-29,18:30,Vasco da Gama,1–1,Botafogo (RJ),15.593,Estádio Club de Regatas Vasco da Gama
2024-06-30,11:00,Atlético Mineiro,1–1,Atl Goianiense,36.099,Arena MRV
2024-06-30,16:00,São Paulo,3–1,Bahia,28.008,Estádio do Morumbi
2024-06-30,16:00,Fortaleza,2–1,Juventude,33.717,Estádio Castelão
2024-06-30,16:00,Grêmio,1–0,Fluminense,8.549,Estádio Francisco Stédile
2024-06-30,18:30,Flamengo,2–1,Cruzeiro,52.768,Estadio Jornalista Mário Filho
2024-06-30,18:30,Criciúma,1–1,Internacional,14.946,Estádio Heriberto Hülse
2024-06-30,18:30,Vitória,0–1,Ath Paranaense,20.376,Estádio Manoel Barradas
2024-07-01,20:00,Palmeiras,2–0,Corinthians,41.175,Allianz Parque
2024-07-03,18:00 (19:00),Cuiabá,1–2,Botafogo (RJ),,Arena Pantanal
2024-07-03,20:00,Vasco da Gama,2–0,Fortaleza,,Estádio Club de Regatas Vasco da Gama
2024-07-03,20:00,Criciúma,1–0,Cruzeiro,,Estádio Heriberto Hülse
2024-07-04,19:00,Grêmio,2–2,Palmeiras,,Estádio Francisco Stédile
2024-07-04,19:00,Bahia,2–0,Juventude,40.442,Itaipava Arena Fonte Nova
2024-07-04,20:00,Corinthians,3–2,Vitória,,Neo Química Arena
2024-07-04,20:00,Fluminense,1–1,Internacional,,Estadio Jornalista Mário Filho
2024-07-03,21:30,Ath Paranaense,1–2,São Paulo,,Ligga Arena
2024-07-03,21:30,Red Bull Bragantino,3–1,Atl Goianiense,,Estádio Nabi Abi Chedid
2024-07-03,21:30,Atlético Mineiro,2–4,Flamengo,,Arena MRV
2024-07-06,20:00,Flamengo,1–1,Cuiabá,,Estadio Jornalista Mário Filho
2024-07-06,20:00,São Paulo,2–0,Red Bull Bragantino,,Estádio do Morumbi
2024-07-07,16:00,Fortaleza,1–0,Fluminense,,Estádio Castelão
2024-07-07,16:00,Juventude,3–0,Grêmio,,Estádio Alfredo Jaconi
2024-07-07,16:00,Cruzeiro,3–0,Corinthians,,Estádio Governador Magalhães Pinto
2024-07-07,18:00,Internacional,1–2,Vasco da Gama,,Estádio José Pinheiro Borba
2024-07-07,18:30,Atl Goianiense,1–2,Ath Paranaense,,Estádio Antônio Accioly
2024-07-07,18:30,Palmeiras,2–0,Bahia,,Allianz Parque
2024-07-07,18:30,Vitória,2–1,Criciúma,,Estádio Manoel Barradas
2024-07-07,20:30,Botafogo (RJ),3–0,Atlético Mineiro,,Estádio Nilton Santos
2024-07-10,18:30,Grêmio,0–2,Cruzeiro,,Estádio Francisco Stédile
2024-07-10,19:00,Ath Paranaense,1–3,Bahia,,Ligga Arena
2024-07-10,19:00,Vasco da Gama,2–0,Corinthians,,Estádio Club de Regatas Vasco da Gama
2024-07-11,19:30,Palmeiras,3–1,Atl Goianiense,,Allianz Parque
2024-07-11,20:00,Flamengo,1–2,Fortaleza,,Estadio Jornalista Mário Filho
2024-07-11,20:00,Criciúma,1–1,Fluminense,,Estádio Heriberto Hülse
2024-07-11,21:30,Vitória,0–1,Botafogo (RJ),,Estádio Manoel Barradas
2024-07-11,21:30,Atlético Mineiro,2–1,São Paulo,,Arena MRV
2024-07-13,16:00,Cruzeiro,2–1,Red Bull Bragantino,,Estádio Raimundo Sampaio
2024-07-13,16:00,Bahia,1–2,Cuiabá,,Itaipava Arena Fonte Nova
2024-07-16,19:00,Juventude,1–1,Atlético Mineiro,,Estádio Nacional de Brasília
2024-07-17,19:00,Atl Goianiense,0–1,Vasco da Gama,,Estádio Antônio Accioly
2024-07-17,20:00,São Paulo,1–0,Grêmio,,Estádio do Morumbi
2024-07-16,21:00,Corinthians,2–1,Criciúma,43.241,Neo Química Arena
2024-07-17,21:30,Fortaleza,3–1,Vitória,,Estádio Castelão
2024-07-17,21:30,Botafogo (RJ),1–0,Palmeiras,,Estádio Nilton Santos
2024-07-20,16:00,Flamengo,2–1,Criciúma,,Estádio Nacional de Brasília
2024-07-20,18:30,Botafogo (RJ),1–0,Internacional,,Estádio Nilton Santos
2024-07-21,11:00,Grêmio,2–0,Vitória,,Estádio Francisco Stédile
2024-07-21,16:00,Bahia,0–1,Corinthians,48.346,Itaipava Arena Fonte Nova
2024-07-21,16:00,Atlético Mineiro,2–0,Vasco da Gama,42.353,Arena MRV
2024-07-21,18:30,Red Bull Bragantino,1–0,Ath Paranaense,4.423,Estádio Nabi Abi Chedid
2024-07-21,18:30,Fortaleza,3–1,Atl Goianiense,,Estádio Castelão
2024-07-21,18:30,Juventude,0–0,São Paulo,,Estádio Nacional de Brasília
2024-07-21,19:00 (20:00),Cuiabá,0–1,Fluminense,,Arena Pantanal
2024-07-20,21:00,Palmeiras,2–0,Cruzeiro,,Allianz Parque
2024-07-24,19:00,Criciúma,1–1,Fortaleza,,Estádio Heriberto Hülse
2024-07-24,19:00,Cruzeiro,2–0,Juventude,,Estádio Governador Magalhães Pinto
2024-07-24,19:30,São Paulo,2–2,Botafogo (RJ),,Estádio do Morumbi
2024-07-24,20:00,Vitória,1–2,Flamengo,,Estádio Manoel Barradas
2024-07-25,20:00,Corinthians,2–2,Grêmio,45.183,Neo Química Arena
2024-07-24,21:30,Atl Goianiense,1–1,Bahia,,Estádio Antônio Accioly
2024-07-24,21:30,Fluminense,1–0,Palmeiras,,Estadio Jornalista Mário Filho
2024-07-27,19:00,Palmeiras,0–2,Vitória,,Allianz Parque
2024-07-27,19:00,Juventude,1–2,Criciúma,,Estádio Alfredo Jaconi
2024-07-27,20:00,Bahia,1–1,Internacional,,Itaipava Arena Fonte Nova
2024-07-28,11:00,Red Bull Bragantino,0–1,Fluminense,7.304,Estádio Nabi Abi Chedid
2024-07-28,16:00,Flamengo,2–0,Atl Goianiense,61.883,Estadio Jornalista Mário Filho
2024-07-28,18:00 (19:00),Cuiabá,1–2,Ath Paranaense,4.452,Arena Pantanal
2024-07-28,19:00,Atlético Mineiro,2–1,Corinthians,,Arena MRV
2024-07-28,19:00,Grêmio,1–0,Vasco da Gama,,Arena Condá
2024-07-27,21:30,Botafogo (RJ),0–3,Cruzeiro,,Estádio Nilton Santos
2024-07-27,21:30,Fortaleza,1–0,São Paulo,41.322,Estádio Castelão
2024-08-03,16:00,Vitória,1–0,Cuiabá,,Estádio Manoel Barradas
2024-08-03,19:00,Vasco da Gama,2–2,Red Bull Bragantino,,Estádio Club de Regatas Vasco da Gama
2024-08-03,20:00,Atl Goianiense,1–4,Botafogo (RJ),,Estádio Antônio Accioly
2024-08-03,20:00,Criciúma,2–1,Atlético Mineiro,15.642,Estádio Heriberto Hülse
2024-08-04,16:00,Fluminense,1–0,Bahia,,Estadio Jornalista Mário Filho
2024-08-04,16:00,Corinthians,1–1,Juventude,,Neo Química Arena
2024-08-04,16:00,Ath Paranaense,0–2,Grêmio,,Ligga Arena
2024-08-04,17:00,Internacional,1–1,Palmeiras,,Estádio José Pinheiro Borba
2024-08-03,21:30,São Paulo,1–0,Flamengo,,Estádio do Morumbi
2024-08-05,21:00,Cruzeiro,1–2,Fortaleza,,Estádio Kleber José de Andrade
2024-08-10,16:00,Fortaleza,1–0,Criciúma,,Estádio Castelão
2024-08-10,18:00 (19:00),Cuiabá,1–3,Grêmio,,Arena Pantanal
2024-08-11,11:00,Juventude,3–2,Botafogo (RJ),,Estádio Alfredo Jaconi
2024-08-11,16:00,São Paulo,1–0,Atl Goianiense,46.600,Estádio do Morumbi
2024-08-11,16:00,Flamengo,1–1,Palmeiras,,Estadio Jornalista Mário Filho
2024-08-11,16:00,Bahia,2–0,Vitória,,Itaipava Arena Fonte Nova
2024-08-11,19:00,Internacional,2–2,Ath Paranaense,,Estádio José Pinheiro Borba
2024-08-10,21:30,Cruzeiro,0–0,Atlético Mineiro,,Estádio Governador Magalhães Pinto
2024-08-10,21:30,Corinthians,1–1,Red Bull Bragantino,,Neo Química Arena
2024-08-10,21:30,Vasco da Gama,2–0,Fluminense,,Estádio Nilton Santos
2024-08-14,19:30,Internacional,2–1,Juventude,,Estádio José Pinheiro Borba
2024-08-17,16:00,Atlético Mineiro,1–1,Cuiabá,,Arena MRV
2024-08-17,16:00,Grêmio,0–2,Bahia,,Estádio Alfredo Jaconi
2024-08-17,18:30,Red Bull Bragantino,1–2,Fortaleza,,Estádio Nabi Abi Chedid
2024-08-18,16:00,Criciúma,2–2,Vasco da Gama,,Estádio Heriberto Hülse
2024-08-18,16:00,Palmeiras,2–1,São Paulo,,Allianz Parque
2024-08-18,16:00,Atl Goianiense,1–0,Internacional,,Estádio Antônio Accioly
2024-08-18,18:30,Ath Paranaense,1–2,Juventude,,Ligga Arena
2024-08-18,18:30,Botafogo (RJ),4–1,Flamengo,,Estádio Nilton Santos
2024-08-17,21:00,Fluminense,0–0,Corinthians,,Estadio Jornalista Mário Filho
2024-08-19,20:00,Vitória,2–2,Cruzeiro,,Estádio Manoel Barradas
2024-08-24,16:00,Atl Goianiense,2–1,Juventude,,Estádio Antônio Accioly
2024-08-24,18:30,Palmeiras,5–0,Cuiabá,,Estádio Brinco de Ouro da Princesa
2024-08-25,16:00,Criciúma,0–1,Grêmio,,Estádio Heriberto Hülse
2024-08-25,16:00,Bahia,0–0,Botafogo (RJ),,Itaipava Arena Fonte Nova
2024-08-25,16:00,Fortaleza,1–0,Corinthians,,Estádio Castelão
2024-08-25,18:30,São Paulo,2–1,Vitória,,Estádio do Morumbi
2024-08-25,19:00,Internacional,1–0,Cruzeiro,,Estádio José Pinheiro Borba
2024-08-25,20:00,Flamengo,2–1,Red Bull Bragantino,,Estadio Jornalista Mário Filho
2024-08-24,21:00,Atlético Mineiro,0–2,Fluminense,,Estádio Governador Magalhães Pinto
2024-08-26,21:00,Vasco da Gama,2–1,Ath Paranaense,16.433,Estádio Club de Regatas Vasco da Gama
2024-08-28,19:30,Cruzeiro,0–0,Internacional,35.238,Estádio Governador Magalhães Pinto
2024-08-28,19:30,Criciúma,1–0,Red Bull Bragantino,,Estádio Heriberto Hülse
2024-08-31,17:30 (18:30),Cuiabá,2–1,Criciúma,,Arena Pantanal
2024-09-01,11:00,Cruzeiro,3–1,Atl Goianiense,,Estádio Governador Magalhães Pinto
2024-09-01,11:00,Grêmio,2–3,Atlético Mineiro,,Arena do Grêmio
2024-09-01,16:00,Corinthians,2–1,Flamengo,,Neo Química Arena
2024-09-01,18:30,Juventude,1–3,Internacional,,Estádio Alfredo Jaconi
2024-09-01,18:30,Ath Paranaense,0–2,Palmeiras,,Ligga Arena
2024-09-01,18:30,Fluminense,2–0,São Paulo,,Estadio Jornalista Mário Filho
2024-09-01,18:30,Vitória,0–1,Vasco da Gama,,Estádio Manoel Barradas
2024-09-01,18:30,Red Bull Bragantino,2–1,Bahia,,Estádio Nabi Abi Chedid
2024-08-31,21:00,Botafogo (RJ),2–0,Fortaleza,,Estádio Nilton Santos
2024-09-05,19:00 (20:00),Cuiabá,0–0,Juventude,,Arena Pantanal
2024-09-11,19:30,Internacional,2–1,Fortaleza,,Estádio José Pinheiro Borba
2024-09-14,16:00,Atl Goianiense,0–2,Vitória,,Estádio Antônio Accioly
2024-09-14,18:30,Ath Paranaense,1–1,Fortaleza,,Ligga Arena
2024-09-15,16:00,Red Bull Bragantino,2–2,Grêmio,,Estádio Nabi Abi Chedid
2024-09-15,16:00,Juventude,2–1,Fluminense,,Estádio Alfredo Jaconi
2024-09-15,16:00,Palmeiras,5–0,Criciúma,,Allianz Parque
2024-09-15,18:30,Flamengo,1–1,Vasco da Gama,,Estadio Jornalista Mário Filho
2024-09-15,18:30,Cruzeiro,0–1,São Paulo,,Estádio Governador Magalhães Pinto
2024-09-15,18:30,Bahia,3–0,Atlético Mineiro,,Itaipava Arena Fonte Nova
2024-09-14,21:00,Botafogo (RJ),2–1,Corinthians,,Estádio Nilton Santos
2024-09-16,20:00,Internacional,3–0,Cuiabá,,Estádio José Pinheiro Borba
2024-09-21,16:00,Vitória,1–0,Juventude,,Estádio Manoel Barradas
2024-09-21,16:00,Corinthians,3–0,Atl Goianiense,46.001,Neo Química Arena
2024-09-21,18:30,Fluminense,0–1,Botafogo (RJ),,Estadio Jornalista Mário Filho
2024-09-22,16:00,Vasco da Gama,0–1,Palmeiras,,Estádio Nacional de Brasília
2024-09-22,16:00,Atlético Mineiro,3–0,Red Bull Bragantino,,Arena MRV
2024-09-22,17:30 (18:30),Cuiabá,0–0,Cruzeiro,,Arena Pantanal
2024-09-22,18:30,Grêmio,3–2,Flamengo,,Arena do Grêmio
2024-09-22,18:30,São Paulo,1–3,Internacional,,Estádio do Morumbi
2024-09-22,20:00,Criciúma,0–0,Ath Paranaense,,Estádio Heriberto Hülse
2024-09-21,21:00,Fortaleza,4–1,Bahia,,Estádio Castelão
2024-09-25,19:00,Grêmio,1–2,Criciúma,,Arena do Grêmio
2024-09-25,19:00,Red Bull Bragantino,2–2,Internacional,,Estádio Nabi Abi Chedid
2024-09-28,18:30,Palmeiras,2–1,Atlético Mineiro,,Estádio Brinco de Ouro da Princesa
2024-09-29,11:00,Juventude,1–1,Red Bull Bragantino,,Estádio Alfredo Jaconi
2024-09-29,16:00,Fortaleza,1–0,Cuiabá,,Estádio Castelão
2024-09-29,16:00,Atl Goianiense,1–0,Fluminense,,Estádio Antônio Accioly
2024-09-29,16:00,São Paulo,3–1,Corinthians,,Estádio Nacional de Brasília
2024-09-29,18:30,Cruzeiro,1–1,Vasco da Gama,,Estádio Governador Magalhães Pinto
2024-09-29,18:30,Internacional,3–1,Vitória,,Estádio José Pinheiro Borba
2024-09-29,18:30,Bahia,1–0,Criciúma,,Itaipava Arena Fonte Nova
2024-09-29,20:00,Flamengo,1–0,Ath Paranaense,,Estadio Jornalista Mário Filho
2024-09-28,21:00,Botafogo (RJ),0–0,Grêmio,,Estádio Nacional de Brasília
2024-10-03,19:00,Criciúma,2–0,Atl Goianiense,,Estádio Heriberto Hülse
2024-10-03,21:30,Fluminense,1–0,Cruzeiro,,Estadio Jornalista Mário Filho
2024-10-05,16:30,Red Bull Bragantino,0–0,Palmeiras,,Estádio Nabi Abi Chedid
2024-10-05,16:30,Ath Paranaense,0–1,Botafogo (RJ),,Ligga Arena
2024-10-05,16:30,Atlético Mineiro,2–2,Vitória,,Arena MRV
2024-10-05,18:00 (19:00),Cuiabá,2–0,São Paulo,,Arena Pantanal
2024-10-05,19:00,Corinthians,2–2,Internacional,,Neo Química Arena
2024-10-05,19:00,Bahia,0–2,Flamengo,,Itaipava Arena Fonte Nova
2024-10-04,21:30,Grêmio,3–1,Fortaleza,,Arena do Grêmio
2024-10-05,21:00,Vasco da Gama,1–1,Juventude,,Estádio Club de Regatas Vasco da Gama
2024-10-09,19:30,Atlético Mineiro,2–1,Grêmio,,Arena MRV
2024-10-17,20:00,Flamengo,0–2,Fluminense,,Estadio Jornalista Mário Filho
2024-10-17,20:00,Corinthians,5–2,Ath Paranaense,,Neo Química Arena
2024-10-16,21:45,São Paulo,3–0,Vasco da Gama,,Estádio Brinco de Ouro da Princesa
2024-10-16,21:45,Fortaleza,1–1,Atlético Mineiro,,Estádio Castelão
2024-10-18,19:00,Atl Goianiense,0–0,Cuiabá,,Estádio Antônio Accioly
2024-10-18,20:00,Botafogo (RJ),1–1,Criciúma,,Estadio Jornalista Mário Filho
2024-10-19,16:00,Vitória,1–0,Red Bull Bragantino,,Estádio Manoel Barradas
2024-10-19,16:00,Internacional,1–0,Grêmio,,Estádio José Pinheiro Borba
2024-10-18,21:30,Cruzeiro,1–1,Bahia,,Estádio Governador Magalhães Pinto
2024-10-20,20:00,Juventude,3–5,Palmeiras,,Estádio Alfredo Jaconi
2024-10-22,19:30,Fluminense,1–0,Ath Paranaense,,Estadio Jornalista Mário Filho
2024-10-24,19:00,Vasco da Gama,1–0,Cuiabá,,Estádio Club de Regatas Vasco da Gama
2024-10-26,16:30,Vitória,2–1,Fluminense,,Estádio Manoel Barradas
2024-10-26,16:30,Flamengo,4–2,Juventude,,Estadio Jornalista Mário Filho
2024-10-26,16:30,Grêmio,3–1,Atl Goianiense,,Arena do Grêmio
2024-10-26,16:30,Palmeiras,2–2,Fortaleza,,Allianz Parque
2024-10-26,18:30,Ath Paranaense,3–0,Cruzeiro,,Ligga Arena
2024-10-26,19:00,Atlético Mineiro,1–3,Internacional,,Arena MRV
2024-10-26,19:00,Red Bull Bragantino,0–1,Botafogo (RJ),,Estádio Nabi Abi Chedid
2024-10-26,22:00,Criciúma,1–1,São Paulo,17.422,Estádio Heriberto Hülse
2024-10-28,18:00 (19:00),Cuiabá,0–1,Corinthians,,Arena Pantanal
2024-10-28,21:00,Vasco da Gama,3–2,Bahia,,Estádio Club de Regatas Vasco da Gama
2024-10-30,19:00,Internacional,1–1,Flamengo,,Estádio José Pinheiro Borba
2024-11-02,16:00,Red Bull Bragantino,0–0,Cuiabá,,Estádio Nabi Abi Chedid
2024-11-02,18:30,Juventude,0–3,Fortaleza,,Estádio Alfredo Jaconi
2024-11-02,18:30,Ath Paranaense,1–2,Vitória,,Ligga Arena
2024-11-01,21:00,Fluminense,2–2,Grêmio,,Estadio Jornalista Mário Filho
2024-11-04,20:00,Corinthians,2–0,Palmeiras,,Neo Química Arena
2024-11-05,21:30,Bahia,0–3,São Paulo,,Itaipava Arena Fonte Nova
2024-11-05,21:30,Internacional,2–0,Criciúma,,Estádio José Pinheiro Borba
2024-11-05,21:30,Botafogo (RJ),3–0,Vasco da Gama,,Estádio Nilton Santos
2024-11-06,21:00,Atl Goianiense,1–0,Atlético Mineiro,,Estádio Antônio Accioly
2024-11-06,21:00,Cruzeiro,0–1,Flamengo,,Estádio Raimundo Sampaio
2024-11-08,19:00,Internacional,2–0,Fluminense,,Estádio José Pinheiro Borba
2024-11-09,16:30,Vitória,1–2,Corinthians,,Estádio Manoel Barradas
2024-11-09,16:30,Botafogo (RJ),0–0,Cuiabá,,Estádio Nilton Santos
2024-11-09,19:00,Cruzeiro,2–1,Criciúma,,Estádio Governador Magalhães Pinto
2024-11-09,19:00,Fortaleza,3–0,Vasco da Gama,,Estádio Castelão
2024-11-09,19:00,Atl Goianiense,0–0,Red Bull Bragantino,,Estádio Antônio Accioly
2024-11-09,19:00,Juventude,2–1,Bahia,,Estádio Alfredo Jaconi
2024-11-08,21:30,Palmeiras,1–0,Grêmio,,Allianz Parque
2024-11-09,21:00,São Paulo,2–1,Ath Paranaense,,Estádio do Morumbi